name,id,minutes,contributor_id,submitted,tags,nutrition,n_steps,steps,description,ingredients,n_ingredients
arriba baked winter squash mexican style,137739,55,47892,2005-09-16,"['60-minutes-or-less', 'time-to-make', 'course', 'main-ingredient', 'cuisine', 'preparation', 'occasion', 'north-american', 'side-dishes', 'vegetables', 'mexican', 'easy', 'fall', 'holiday-event', 've...","[51.5, 0.0, 13.0, 0.0, 2.0, 0.0, 4.0]",11,"['make a choice and proceed with recipe', 'depending on size of squash , cut into half or fourths', 'remove seeds', 'for spicy squash , drizzle olive oil or melted butter over each cut squash piece', ...","autumn is my favorite time of year to cook! this recipe can be prepared either spicy or sweet, your choice! two of my posted mexican-inspired seasoning mix recipes are offered as suggestions.","['winter squash', 'mexican seasoning', 'mixed spice', 'honey', 'butter', 'olive oil', 'salt']",7
a bit different breakfast pizza,31490,30,26278,2002-06-17,"['30-minutes-or-less', 'time-to-make', 'course', 'main-ingredient', 'cuisine', 'preparation', 'occasion', 'north-american', 'breakfast', 'main-dish', 'pork', 'american', 'oven', 'easy', 'kid-friendly'...","[173.4, 18.0, 0.0, 17.0, 22.0, 35.0, 1.0]",9,"['preheat oven to 425 degrees f', 'press dough into the bottom and sides of a 12 inch pizza pan', 'bake for 5 minutes until set but not browned', 'cut sausage into small pieces', 'whisk eggs and milk ...",this recipe calls for the crust to be prebaked a bit before adding ingredients. feel free to change sausage to ham or bacon. this warms well in the microwave for those late risers.,"['prepared pizza crust', 'sausage patty', 'eggs', 'milk', 'salt and pepper', 'cheese']",6
all in the kitchen chili,112140,130,196586,2005-02-25,"['time-to-make', 'course', 'preparation', 'main-dish', 'chili', 'crock-pot-slow-cooker', 'dietary', 'equipment', '4-hours-or-less']","[269.8, 22.0, 32.0, 48.0, 39.0, 27.0, 5.0]",6,"['brown ground beef in large pot', 'add chopped onions to ground beef when almost brown and sautee until wilted', 'add all other ingredients', 'add kidney beans if you like beans in your chili', 'cook...",this modified version of 'mom's' chili was a hit at our 2004 christmas party. we made an extra large pot to have some left to freeze but it never made it to the freezer. it was a favorite by all. perf...,"['ground beef', 'yellow onions', 'diced tomatoes', 'tomato paste', 'tomato soup', 'rotel tomatoes', 'kidney beans', 'water', 'chili powder', 'ground cumin', 'salt', 'lettuce', 'cheddar cheese']",13
alouette potatoes,59389,45,68585,2003-04-14,"['60-minutes-or-less', 'time-to-make', 'course', 'main-ingredient', 'preparation', 'occasion', 'side-dishes', 'eggs-dairy', 'potatoes', 'vegetables', 'oven', 'easy', 'dinner-party', 'holiday-event', '...","[368.1, 17.0, 10.0, 2.0, 14.0, 8.0, 20.0]",11,"['place potatoes in a large pot of lightly salted water and bring to a gentle boil', 'cook until potatoes are just tender', 'drain', 'place potatoes in a large bowl and add all ingredients except the""...","this is a super easy, great tasting, make ahead side dish that looks like you spent a lot more time preparing than you actually do. plus, most everything is done in advance. the times do not reflect t...","['spreadable cheese with garlic and herbs', 'new potatoes', 'shallots', 'parsley', 'tarragon', 'olive oil', 'red wine vinegar', 'salt', 'pepper', 'red bell pepper', 'yellow bell pepper']",11
amish tomato ketchup for canning,44061,190,41706,2002-10-25,"['weeknight', 'time-to-make', 'course', 'main-ingredient', 'cuisine', 'preparation', 'occasion', 'north-american', 'canning', 'condiments-etc', 'vegetables', 'american', 'heirloom-historical', 'holida...","[352.9, 1.0, 337.0, 23.0, 3.0, 0.0, 28.0]",5,"['mix all ingredients& boil for 2 1 / 2 hours , or until thick', 'pour into jars', ""i use'old' glass ketchup bottles"", ""it is not necessary for these to'seal"", ""'my amish mother-in-law has been making...","my dh's amish mother raised him on this recipe. he much prefers it over store-bought ketchup. it was a taste i had to acquire, but now my ds's also prefer this type of ketchup. enjoy!","['tomato juice', 'apple cider vinegar', 'sugar', 'salt', 'pepper', 'clove oil', 'cinnamon oil', 'dry mustard']",8
apple a day milk shake,5289,0,1533,1999-12-06,"['15-minutes-or-less', 'time-to-make', 'course', 'main-ingredient', 'cuisine', 'preparation', 'occasion', 'north-american', 'low-protein', '5-ingredients-or-less', 'beverages', 'fruit', 'american', 'e...","[160.2, 10.0, 55.0, 3.0, 9.0, 20.0, 7.0]",4,"['combine ingredients in blender', 'cover and blend until smooth', 'sprinkle with ground cinnamon', 'makes about 2 cups']",,"['milk', 'vanilla ice cream', 'frozen apple juice concentrate', 'apple']",4
aww marinated olives,25274,15,21730,2002-04-14,"['15-minutes-or-less', 'time-to-make', 'course', 'main-ingredient', 'cuisine', 'preparation', 'occasion', 'north-american', 'appetizers', 'fruit', 'canadian', 'dinner-party', 'vegan', 'vegetarian', 'f...","[380.7, 53.0, 7.0, 24.0, 6.0, 24.0, 6.0]",4,"['toast the fennel seeds and lightly crush them', 'place all the ingredients in a bowl , stir well', 'cover and leave to marinate', 'keep refrigerated and use within 1 to 2 days']",my italian mil was thoroughly impressed by my non-italian treatment of her olives. they are great appetizers and condiments to your fav pasta.(from the vancouver sun) ps. cook time include fridge time,"['fennel seeds', 'green olives', 'ripe olives', 'garlic', 'peppercorn', 'orange rind', 'orange juice', 'red chile', 'extra virgin olive oil']",9
backyard style barbecued ribs,67888,120,10404,2003-07-30,"['weeknight', 'time-to-make', 'course', 'main-ingredient', 'cuisine', 'preparation', 'occasion', 'north-american', 'south-west-pacific', 'main-dish', 'pork', 'oven', 'holiday-event', 'stove-top', 'haw...","[1109.5, 83.0, 378.0, 275.0, 96.0, 86.0, 36.0]",10,"['in a medium saucepan combine all the ingredients for sauce#1 , bring to a full rolling boil , reduce heat to medium low and simmer for 1 hour , stirring often', 'rub the ribs with soy sauce , garlic...",this recipe is posted by request and was originaly from chef sam choy's cookbook,"['pork spareribs', 'soy sauce', 'fresh garlic', 'fresh ginger', 'chili powder', 'fresh coarse ground black pepper', 'salt', 'fresh cilantro leaves', 'tomato sauce', 'brown sugar', 'yellow onion', 'whi...",22
bananas 4 ice cream pie,70971,180,102353,2003-09-10,"['weeknight', 'time-to-make', 'course', 'main-ingredient', 'preparation', 'pies-and-tarts', 'desserts', 'lunch', 'snacks', 'no-cook', 'refrigerator', 'kid-friendly', 'frozen-desserts', 'pies', 'chocol...","[4270.8, 254.0, 1306.0, 111.0, 127.0, 431.0, 220.0]",8,"['crumble cookies into a 9-inch pie plate , or cake pan', 'pat down to form an even layer', 'drizzle 1 cup of chocolate topping evenly over the cookies with a small spoon', 'scoop the vanilla ice crea...",,"['chocolate sandwich style cookies', 'chocolate syrup', 'vanilla ice cream', 'bananas', 'strawberry ice cream', 'whipped cream']",6
beat this banana bread,75452,70,15892,2003-11-04,"['weeknight', 'time-to-make', 'course', 'main-ingredient', 'preparation', 'occasion', 'breads', 'breakfast', 'fruit', 'oven', 'dietary', 'oamc-freezer-make-ahead', 'quick-breads', 'tropical-fruit', 'b...","[2669.3, 160.0, 976.0, 107.0, 62.0, 310.0, 138.0]",12,"['preheat oven to 350 degrees', 'butter two 9x5"" loaf pans', 'cream the sugar and the butter until light and whipped', 'add the bananas , eggs , lemon juice , orange rind', 'beat until blended uniform...",from ann hodgman's,"['sugar', 'unsalted butter', 'bananas', 'eggs', 'fresh lemon juice', 'orange rind', 'cake flour', 'baking soda', 'salt']",9
berry good sandwich spread,109439,5,49168,2005-01-25,"['15-minutes-or-less', 'time-to-make', 'course', 'preparation', 'low-protein', 'healthy', '5-ingredients-or-less', 'condiments-etc', 'easy', 'dietary', 'low-sodium', 'low-in-something', '3-steps-or-le...","[79.2, 3.0, 58.0, 0.0, 0.0, 6.0, 5.0]",2,"['in medium size bowl , coarsely mash cranberry sauce', 'stir in sour cream and horseradish until well blended']","horseradish is one of my favorite condiments as well as cranberry sauce. this is sweet and hot. i enjoy it on a smoked turkey & swiss sandwich, but also good alongside baked ham or roast beef.","['whole berry cranberry sauce', 'sour cream', 'prepared horseradish']",3
better than sex strawberries,42198,1460,41531,2002-10-03,"['weeknight', 'time-to-make', 'course', 'main-ingredient', 'preparation', 'occasion', 'low-protein', 'pies-and-tarts', 'desserts', 'fruit', '1-day-or-more', 'pies', 'dietary', 'low-sodium', 'comfort-f...","[734.1, 66.0, 199.0, 10.0, 10.0, 117.0, 28.0]",8,"['crush vanilla wafers into fine crumbs and line a square 8"" x8"" pan', 'mix butter or margarine and sugar', 'add beaten eggs', 'spread the mixture over the wafer crumbs', 'crush strawberries and sprea...","simple but sexy. this was in my local newspaper's food section. cook time reflects refrigeration time. i've been asked several times if this should be baked. just to clarify, no, it is not, it is a ...","['vanilla wafers', 'butter', 'powdered sugar', 'eggs', 'whipping cream', 'strawberry', 'walnuts']",7
better then bush s baked beans,67547,2970,85627,2003-07-26,"['weeknight', 'time-to-make', 'course', 'main-ingredient', 'cuisine', 'preparation', 'occasion', 'north-american', 'side-dishes', 'beans', 'american', '1-day-or-more', 'oven', 'potluck', 'to-go', 'equ...","[462.4, 28.0, 214.0, 69.0, 14.0, 29.0, 23.0]",9,"['in a very large sauce pan cover the beans and bouillon cubes in 3 inches of water', 'bring to a boil , cover , and let sit for 1 1 / 2 hours', 'preheat oven to 350 degrees f', ""drain and pour beans ...","i'd have to say that this is a labor of love dish, but i give you my word that this recipe is better than bush's. enjoy! oh, and also this recipe is easily doubled. in fact, i think it turns out bette...","['great northern bean', 'chicken bouillon cubes', 'dark brown sugar', 'molasses', 'cornstarch', 'onion', 'garlic powder', 'mustard powder', 'chili powder', 'salt', 'black pepper', 'bacon', 'water']",13
boat house collard greens,107517,525,137696,2005-01-03,"['time-to-make', 'main-ingredient', 'preparation', 'vegetables', 'dietary', 'greens', 'collard-greens']","[315.8, 0.0, 202.0, 9.0, 6.0, 0.0, 21.0]",7,"['put prepared greens in large pot', 'add water', 'bring to a boil , and boil for one hour', 'add sugar , molasses , hot sauce , whiskey , and ham hock', 'bring to a boil again , and boil for another ...",my boss gave me this recipe several years ago. the recipe supposedly came from the,"['collard greens', 'brown sugar', 'molasses', 'hot sauce', 'whiskey', 'ham hock', 'salt']",7
calm your nerves tonic,39959,5,37449,2002-09-10,"['15-minutes-or-less', 'time-to-make', 'preparation', 'easy', 'number-of-servings']","[8.2, 0.0, 0.0, 0.0, 1.0, 0.0, 0.0]",6,"['combine herbs', 'dosage: one-half teaspoonful mixed in one-half glass of cold water , followed by a glass of hot water , one hour before each meal and upon retiring', 'this can be put in gelatin cap...","this will prove a blessing to everyone who takes it. it is soothing and relaxing, quieting to the nerves, has many good qualities, and is perfectly harmless. you can get the ingredients from any good ...","['gentian root', 'scullcap herb', 'burnet root', 'wood bethony', 'spearmint']",5
chicken lickin good pork chops,63986,500,14664,2003-06-06,"['weeknight', 'time-to-make', 'course', 'main-ingredient', 'preparation', 'main-dish', 'pork', 'crock-pot-slow-cooker', 'dietary', 'meat', 'pork-chops', 'equipment']","[105.7, 8.0, 0.0, 26.0, 5.0, 4.0, 3.0]",5,"['dredge pork chops in mixture of flour , salt , dry mustard and garlic powder', 'brown in oil in a large skillet', 'place browned pork chops in a crock pot', 'add the can of soup , undiluted', 'cover...",here's and old standby i enjoy from time to time. it's from an old newspaper clipping i cut out years ago. very tasty.,"['lean pork chops', 'flour', 'salt', 'dry mustard', 'garlic powder', 'oil', 'chicken rice soup']",7
chile rellenos,43026,45,52268,2002-10-14,"['60-minutes-or-less', 'time-to-make', 'course', 'main-ingredient', 'cuisine', 'preparation', 'north-american', '5-ingredients-or-less', 'appetizers', 'side-dishes', 'eggs-dairy', 'american', 'southwe...","[94.0, 10.0, 0.0, 11.0, 11.0, 21.0, 0.0]",9,"['drain green chiles', 'sprinkle cornstarch on sheet pan', 'open up chile and place on egg roll wrapper with corner facing you', 'place cheese stick on chile and roll up , tucking in corners and moist...","a favorite from a local restaurant no longer in business. not an authentic mexican chile relleno, but a crispy, flaky version.","['egg roll wrap', 'whole green chilies', 'cheese', 'cornstarch', 'oil']",5
chinese candy,23933,15,35268,2002-03-29,"['15-minutes-or-less', 'time-to-make', 'course', 'preparation', 'occasion', '5-ingredients-or-less', 'desserts', 'easy', 'kid-friendly', 'candy', 'dietary', 'number-of-servings']","[232.7, 21.0, 77.0, 4.0, 6.0, 38.0, 8.0]",4,"['melt butterscotch chips in heavy saucepan over low heat', 'fold in peanuts and chinese noodles until coated', 'drop by tablespoon onto waxed paper', 'let stand in cool place until firm']","a little different, and oh so good. i include these when making up candy trays, as gifts, at christmas time.","['butterscotch chips', 'chinese noodles', 'salted peanuts']",3
chinese chop suey,8559,70,4481,2001-01-27,"['weeknight', 'time-to-make', 'course', 'main-ingredient', 'cuisine', 'preparation', 'occasion', 'north-american', 'main-dish', 'beef', 'pork', 'vegetables', 'american', 'potluck', 'dinner-party', 'he...","[395.4, 31.0, 20.0, 29.0, 51.0, 33.0, 8.0]",8,"['brown ground meat and onion in a large pot', 'add 1 / 4 cup of soy sauce', 'thinly slice the entire bunch of celery , including the leaves', 'add beef broth and celery', 'bring to a boil', 'reduce h...",easy one-pot dinner.,"['celery', 'onion', 'ground pork', 'soy sauce', 'beef broth', 'cooking oil', 'hamburger buns']",7
cream of cauliflower soup vegan,23850,110,3288,2002-03-28,"['lactose', 'weeknight', 'time-to-make', 'course', 'main-ingredient', 'cuisine', 'preparation', 'occasion', 'north-american', 'bisques-cream-soups', 'soups-stews', 'potatoes', 'vegetables', 'american'...","[174.2, 4.0, 24.0, 1.0, 15.0, 1.0, 10.0]",10,"['heat the oil or margarine in a soup pot and add the onion and garlic', 'saute over medium heat until the onion is golden , about 10 minutes', 'add the cauliflower , potatoes , water , and seasonings...",this is a dairy free,"['canola oil', 'onion', 'garlic', 'cauliflower', 'potatoes', 'vegetable bouillon cubes', 'water', 'salt free herb and spice seasoning mix', 'ground coriander', 'great northern bean', 'salt and pepper'...",16
cream of spinach soup,76808,45,95743,2003-11-17,"['60-minutes-or-less', 'time-to-make', 'course', 'main-ingredient', 'preparation', 'occasion', 'low-protein', 'healthy', 'bisques-cream-soups', 'lunch', 'soups-stews', 'vegetables', 'easy', 'beginner-...","[126.0, 11.0, 2.0, 14.0, 5.0, 23.0, 4.0]",9,"['bring water and salt to a boil', 'cut the potatoes in half lengthwise , and then into 1 / 2"" thick slices', 'boil over medium-high heat for twenty minutes', ""add the spinach and boil another 10 minu...","wonderful comfort food from rozanne gold, a favorite cookbook author. this is a creamless creamed soup and it's delicious. it's made thick with potatoes and rich with butter. the color of this soup is...","['water', 'salt', 'boiling potatoes', 'fresh spinach leaves', 'unsalted butter', 'coarse salt', 'fresh ground black pepper', 'nutmeg']",8
cream of spinach soup vegan,24701,55,3288,2002-04-08,"['60-minutes-or-less', 'time-to-make', 'course', 'main-ingredient', 'preparation', 'occasion', 'bisques-cream-soups', 'main-dish', 'soups-stews', 'vegetables', 'vegan', 'vegetarian', 'stove-top', 'die...","[64.8, 3.0, 13.0, 54.0, 4.0, 2.0, 3.0]",10,"['in a 3 qt saucepan over medium high heat , saute the onions and scallions in the apple juice and oil for 5 minutes , stirring frequently', 'add the spinach , parsley and celery', 'cook for 5-7 minut...","thickened with a mix of cooked oats and vegies, this soup has all the flavor of the original with a fraction of the fat stuff. low in cholestorol too!","['onion', 'scallion', 'apple juice', 'olive oil', 'spinach', 'fresh parsley', 'celery', 'broth', 'rolled oats', 'salt', 'dried thyme', 'white pepper']",12
crispy crunchy chicken,83873,35,108291,2004-02-13,"['60-minutes-or-less', 'time-to-make', 'course', 'preparation', 'healthy', 'main-dish', 'dietary', 'low-saturated-fat', 'low-in-something']","[335.8, 11.0, 2.0, 24.0, 64.0, 10.0, 10.0]",8,"['combine soup , egg and seasoned salt in a bowl and set aside', 'mix together flour , cornstarch , garlic powder , paprika , salt and pepper in a resealable plastic bag', 'dip chicken pieces into sou...","delicious, crunchy fried chicken. this recipe came from the","['boneless skinless chicken breast halves', 'condensed cream of chicken soup', 'egg', 'seasoning salt', 'all-purpose flour', 'cornstarch', 'garlic powder', 'paprika', 'salt and pepper', 'oil']",10
deep fried dessert thingys,107699,20,158966,2005-01-05,"['30-minutes-or-less', 'time-to-make', 'course', 'preparation', 'occasion', 'low-protein', 'desserts', 'deep-fry', 'stove-top', 'dietary', 'high-calcium', 'high-in-something', 'low-in-something', 'tas...","[1663.3, 221.0, 168.0, 66.0, 19.0, 158.0, 29.0]",20,"['in a large bowl , mix flour , granulated sugar , baking powder and salt', 'make a well in the center of the flour mixture , and pour in milk , vanilla , egg and 2 tablespoons oil', 'mix until smooth...",my mother used to make this for us as a special treat. i don't know where she got this recipe or what it is called (hence the title). my husband loves this and encouraged me to submit it. this recipe ...,"['all-purpose flour', 'granulated sugar', 'baking powder', 'salt', 'vanilla extract', 'egg', 'milk', 'vegetable oil', 'bread', 'brown sugar', 'ground cinnamon', 'butter', 'powdered sugar']",13
easiest ever hollandaise sauce,49262,25,64428,2002-12-19,"['30-minutes-or-less', 'time-to-make', 'course', 'main-ingredient', 'preparation', 'very-low-carbs', 'sauces', 'condiments-etc', 'eggs-dairy', 'eggs', 'stove-top', 'dietary', 'low-carb', 'savory-sauce...","[1290.4, 213.0, 4.0, 53.0, 22.0, 417.0, 1.0]",7,"['cut the butter into several pieces and bring to room temperature', 'in the top of a double boiler , combine egg yolks , lemon juice , salt and pepper', 'add a piece of butter', 'cook , stirring stea...","the secret to this easy hollandaise sauce is in separating the egg yolks. remove all the egg whites, as they can thin the sauce. also, it is best prepared in a double boiler to prevent overheating. se...","['butter', 'lemon, juice of', 'salt', 'white pepper', 'egg yolks']",5
emotional balance spice mixture,48156,10,6164,2002-12-09,"['15-minutes-or-less', 'time-to-make', 'course', 'cuisine', 'preparation', 'condiments-etc', 'asian', 'indian', 'easy', 'no-cook', 'vegetarian', 'herb-and-spice-mixes', 'food-processor-blender', 'diet...","[182.7, 11.0, 4.0, 1.0, 13.0, 4.0, 10.0]",2,"['mix the spices together and store in an airtight container', 'saute small amounts in butter / ghee to spice vegetables and grains']",really an effective spice blend...i got it in one of maharishi ayurveda newsletters and thought of sharing here !hope this will help you melt your blues away.. :-)),"['ground black pepper', 'ground ginger', 'ground coriander', 'ground cumin', 'ground turmeric', 'black cumin']",6
fool the meat eaters chili,54272,40,40525,2003-02-17,"['60-minutes-or-less', 'time-to-make', 'course', 'main-ingredient', 'preparation', 'occasion', 'lunch', 'main-dish', 'beans', 'vegetables', 'easy', 'beginner-cook', 'fall', 'vegan', 'vegetarian', 'win...","[295.6, 3.0, 56.0, 76.0, 32.0, 1.0, 18.0]",9,"['rehydrate tvp if needed', 'spray or oil a large pot', 'chop the onion , hot peppers , and garlic and add to the pot', 'chop remaining vegetables , add to pot and brown lightly', 'add remaining ingre...",this recipe was adapted by my mother and myself from meat chili. we fed it to my dad and only told him afterwards it wasn't meat - he couldn't tell the difference! this is a fast and filling meal and ...,"['vegetarian ground beef', 'garlic', 'onion', 'jalapenos', 'green pepper', 'celery', 'kidney beans', 'diced tomatoes', 'chili powder', 'black pepper', 'salt', 'red pepper flakes']",12
forgotten minestrone,47366,495,31871,2002-11-21,"['weeknight', 'time-to-make', 'course', 'main-ingredient', 'preparation', 'soups-stews', 'beef', 'crock-pot-slow-cooker', 'dietary', 'low-cholesterol', 'low-calorie', 'low-carb', 'low-in-something', '...","[346.9, 24.0, 18.0, 42.0, 42.0, 30.0, 10.0]",5,"['in a slow cooker , combine the first nine ingredients', 'cover and cook on low for 7-9 hours or until meat is tender', 'add zucchini , cabbage , beans and macaroni', 'cook on high 30-45 minutes more...",this recipe came from a,"['beef stew meat', 'water', 'tomatoes', 'beef bouillon cube', 'onion', 'dried parsley', 'salt', 'ground thyme', 'ground pepper', 'zucchini', 'cabbage', 'garbanzo beans', 'elbow macaroni', 'parmesan ch...",14
fried potatoes,37073,40,1533,2002-08-13,"['60-minutes-or-less', 'time-to-make', 'course', 'main-ingredient', 'preparation', 'low-protein', 'healthy', '5-ingredients-or-less', 'side-dishes', 'potatoes', 'vegetables', 'oven', 'easy', 'dietary'...","[132.6, 8.0, 4.0, 3.0, 4.0, 5.0, 6.0]",14,"['preheat oven to 400 degrees', 'cut the potatoes into strips about 2 1 / 2 inches long by 1 / 4-inch thick', 'soak the potatoes in ice water for five minutes', 'drain the potatoes , then rinse thorou...","my husband made these up last week, very tasty, he liked them because they were easy.","['red potatoes', 'margarine', 'rosemary']",3
george s at the cove black bean soup,44123,90,35193,2002-10-25,"['weeknight', 'time-to-make', 'course', 'main-ingredient', 'cuisine', 'preparation', 'occasion', 'north-american', 'soups-stews', 'beans', 'poultry', 'american', 'chicken', 'stove-top', 'dietary', 'gl...","[804.7, 108.0, 26.0, 19.0, 28.0, 214.0, 10.0]",11,"['in 1 / 4 cup butter , saute carrots , onion , celery and broccoli stems for 5 minutes', 'add thyme , oregano and basil', 'saute 5 minutes more', 'add wine and deglaze pan', 'add hot chicken stock an...","an original recipe created by chef scott meskan, george's at the cove. we enjoyed this when we visited this restaurant in la jolla, california. this recipe is requested so often, they have it printed ...","['unsalted butter', 'carrot', 'onion', 'celery', 'broccoli stem', 'dried thyme', 'dried oregano', 'dried sweet basil leaves', 'dry white wine', 'chicken stock', 'worcestershire sauce', 'tabasco sauce'...",18
get the sensation brownies,27087,70,37305,2002-05-03,"['weeknight', 'time-to-make', 'course', 'main-ingredient', 'preparation', 'occasion', 'desserts', 'oven', 'easy', 'potluck', 'holiday-event', 'kid-friendly', 'picnic', 'vegetarian', 'cookies-and-brown...","[174.4, 13.0, 67.0, 5.0, 4.0, 26.0, 7.0]",11,"['preheat oven to 350 degrees', 'grease 13 x 9 baking pan', 'in a large bowl , whisk together butter , sugar and vanilla', 'add eggs and stir until well combined', 'combine dry ingredients and blend w...",a yummy thick chocolate mint brownie from york peppermint patties! get the sensation!,"['butter', 'sugar', 'vanilla', 'eggs', 'all-purpose flour', 'baking cocoa', 'baking powder', 'salt', 'miniature peppermint patties']",9
global gourmet taco casserole,59952,55,28604,2003-04-16,"['60-minutes-or-less', 'time-to-make', 'course', 'main-ingredient', 'cuisine', 'preparation', 'occasion', 'north-american', 'casseroles', 'main-dish', 'beef', 'vegetables', 'mexican', 'oven', 'easy', ...","[456.8, 40.0, 34.0, 67.0, 57.0, 51.0, 9.0]",11,"['heat oven to 375 degrees', 'brown ground beef and onion over medium heat', 'drain', 'stir in tomato sauce , taco or other sauce , salt , pepper , tabasco , chiles , and cornmeal , adjusting for""hot""...","hey! i found this in a cookbook that recognizes different kinds of food from around the world. my brother made this in the 7th grade for 'food and consumer science' (facs, or home ec) as the meal made...","['ground beef', 'onion', 'tomato sauce', 'taco sauce', 'salt', 'pepper', 'tabasco sauce', 'hot chili pepper', 'cornmeal', 'whole kernel corn', 'sliced ripe olives', 'cheddar cheese']",12
grilled ranch bread,93249,13,91081,2004-06-11,"['15-minutes-or-less', 'time-to-make', 'course', 'preparation', '5-ingredients-or-less', 'appetizers', 'breads', 'easy', 'number-of-servings', '3-steps-or-less']","[1649.8, 91.0, 4.0, 128.0, 80.0, 160.0, 78.0]",4,"['cream the butter with the dressing mix', 'spread evenly on the bread halves', 'place under the broiler for 2-3 minutes , until golden and the butter begins to seep and bubble', 'serve hot']",buttery and,"['butter', 'dry ranch dressing mix', 'french bread']",3
grilled venison burgers,54100,26,68357,2003-02-15,"['30-minutes-or-less', 'time-to-make', 'course', 'main-ingredient', 'preparation', 'lunch', 'dietary', 'wild-game', 'deer', 'meat']","[190.9, 10.0, 10.0, 10.0, 45.0, 15.0, 2.0]",13,"['in bowl , mix dry ingredients', 'add venison and mix well', 'add liquid ingredients and mix well with a fork , until bread crumbs are barely noticeable', 'on plastic wrap , form into 8 patties , mak...",delicious venison burgers with that,"['ground venison', 'egg substitute', 'non-fat powdered milk', 'water', 'fresh breadcrumb', 'onion', 'salt', 'black pepper', 'dry mustard', 'worcestershire sauce']",10
healthy for them yogurt popsicles,67664,10,91970,2003-07-26,"['15-minutes-or-less', 'time-to-make', 'course', 'preparation', 'occasion', 'low-protein', 'healthy', '5-ingredients-or-less', 'desserts', 'lunch', 'snacks', 'easy', 'kid-friendly', 'low-fat', 'summer...","[164.6, 3.0, 5.0, 1.0, 4.0, 6.0, 11.0]",3,"['mix all the ingredients using a blender', 'pour into popsicle molds', 'freeze and enjoy !']","my children and their friends ask for my homemade popsicles morning, noon and night. i never turn them down; who am i to tell them that they are good for them! for variety i substitute different flavo...","['milk', 'frozen juice concentrate', 'plain yogurt']",3
homemade vegetable soup from a can,87098,12,70662,2004-03-20,"['15-minutes-or-less', 'time-to-make', 'course', 'main-ingredient', 'preparation', 'clear-soups', 'soups-stews', 'vegetables', 'easy', 'beginner-cook', 'dietary', 'inexpensive']","[276.2, 3.0, 55.0, 18.0, 23.0, 2.0, 20.0]",6,"['combine all ingredients in large pot', 'bring to a boil and simmer for 3 minutes', 'serve', 'i use the tomatoes that come flavored with basil , oregano , and garlic', 'you can substitute whatever ve...","my friend just made this for dinner the other night. when i found out it how easy it is to make, i was shocked. trick the non-cooks in your life into thinking you slaved for them...","['low sodium chicken broth', 'diced tomatoes', 'zucchini', 'corn', 'potatoes', 'wax beans', 'green beans', 'carrots']",8
how i got my family to eat spinach spinach casserole,25775,50,37305,2002-04-22,"['60-minutes-or-less', 'time-to-make', 'course', 'main-ingredient', 'preparation', 'occasion', 'casseroles', 'main-dish', 'side-dishes', 'eggs-dairy', 'vegetables', 'oven', 'easy', 'potluck', 'vegetar...","[166.1, 16.0, 6.0, 32.0, 19.0, 26.0, 3.0]",5,"['preheat oven to 350 degrees', 'place spinach in strainer and squeeze all extra liquid from it', 'in a large bowl , combine spinach with the rest of ingredients , except croutons , and combine well',...","if spinach scares you, this is one recipe that contains spinach that you do not have to be afraid of! it is so delicious that even my picky kids like it. my mother-in-law makes this for get-togethers ...","['frozen chopped spinach', 'egg', 'salt', 'black pepper', 'onion', 'sharp cheddar cheese', 'condensed cream of mushroom soup', 'crouton']",8
i can t believe it s low fat creamy potato salad,33165,30,40493,2002-07-04,"['30-minutes-or-less', 'time-to-make', 'course', 'main-ingredient', 'preparation', 'salads', 'potatoes', 'vegetables', 'dietary']","[152.5, 2.0, 20.0, 13.0, 7.0, 3.0, 10.0]",12,"['cut potatoes into 1 / 2"" pieces', 'place in medium saucepan', 'add water to cover', 'bring to a boil', 'cover , reduce heat , and simmer 15-20 minutes or until tender', 'drain and cool', 'combine po...",the name says it all. you have to try it to believe it!,"['red potatoes', 'green onion', 'diced pimentos', 'fat-free mayonnaise', 'plain low-fat yogurt', 'low-fat sour cream', 'sugar', 'prepared mustard', 'white wine vinegar', 'salt', 'pepper', 'celery seed...",13
i can t believe it s spinach,38798,30,1533,2002-08-29,"['30-minutes-or-less', 'time-to-make', 'course', 'main-ingredient', 'preparation', 'appetizers', 'side-dishes', 'vegetables', 'oven', 'refrigerator', 'freezer', 'dietary', 'oamc-freezer-make-ahead', '...","[53.8, 5.0, 2.0, 3.0, 3.0, 3.0, 1.0]",5,"['combine all ingredients in a large bowl and mix well', 'shape into one-inch balls', 'cover and refrigerate or freeze until ready to bake', 'preheat oven to 350 degrees', 'place on ungreased baking s...","these were so go, it surprised even me.","['frozen chopped spinach', 'eggs', 'garlic powder', 'soft breadcrumbs', 'oregano', 'margarine', 'sage', 'onion']",8
i don t feel like cooking tonight casserole,22123,45,34687,2002-03-11,"['60-minutes-or-less', 'time-to-make', 'course', 'main-ingredient', 'preparation', 'occasion', 'casseroles', 'main-dish', 'beef', 'oven', 'easy', 'kid-friendly', 'dietary', 'comfort-food', 'ground-bee...","[647.6, 57.0, 57.0, 58.0, 54.0, 53.0, 16.0]",6,"['brown onion and meat in the oil , drain any excess moisture', 'remove from heat and add both cans of soup and the veggies of your choice and stir', 'salt and pepper to taste', 'pour mixture into a g...","this is a hearty and filling casserole for those nights when a long time in the kitchen is just out of the question. very tasty and easy to make, my family requests it often. enjoy!","['ground beef', 'onion', 'frozen vegetables', 'cream of mushroom soup', 'condensed cream of mushroom & garlic soup', 'salt & pepper', 'cooking oil', 'cornbread mix']",8
i stole the idea from mirj sesame noodles,90921,18,15851,2004-05-10,"['30-minutes-or-less', 'time-to-make', 'course', 'main-ingredient', 'cuisine', 'preparation', 'main-dish', 'side-dishes', 'pasta', 'asian', 'easy', 'beginner-cook', 'vegetarian', 'dietary', 'pasta-ric...","[783.4, 46.0, 107.0, 56.0, 36.0, 21.0, 37.0]",8,"['in a large pot , cook your angel hair pasta until almost al dente', 'drain well , put in a bowl and set aside', 'in a small tupperware container with a lid , mix sesame oil , soy sauce , honey , gar...",i love mirj's funky chicken with sesame noodles. i decided to use the noodles as my inspiration for this recipe. it's really similar but totally different. we liked it and i hope others will too! cook...,"['angel hair pasta', 'toasted sesame oil', 'soy sauce', 'honey', 'garlic', 'green onions', 'toasted sesame seeds', 'stir fry vegetables']",8
i yam what i yam two muffins,93959,35,133174,2004-06-22,"['60-minutes-or-less', 'time-to-make', 'course', 'preparation', 'for-large-groups', 'breads', 'muffins', 'dietary', 'quick-breads', 'number-of-servings']","[172.8, 8.0, 61.0, 9.0, 7.0, 6.0, 9.0]",10,"['preheat oven to 375 degrees', 'add the brown sugar , flour , cinnamon to a small bowl and cut in softened butter', 'when mixture is well mixed stir in chopped pecans', 'set aside', 'spray a 12-muffi...","with so many people having problems finding the sorghum, i revamped the recipe. this version produces a sweeter and lighter tasting muffin.","['all-purpose flour', 'buckwheat flour', 'unsweetened cocoa', 'baking powder', 'baking soda', 'salt', 'ground cinnamon', 'ground cloves', 'honey', 'sugar', 'eggs', 'yam', 'low-fat buttermilk', 'orange...",21
i yam what i yam muffins,93958,45,133174,2004-06-22,"['60-minutes-or-less', 'time-to-make', 'course', 'preparation', 'breads', 'muffins', 'quick-breads']","[171.8, 9.0, 28.0, 10.0, 8.0, 4.0, 8.0]",10,"['preheat oven to 375 degrees', 'spray muffin tin with non-stick cooking spray and set aside', 'place the raisins in a small bowl and pour the 1 / 4 cup boiling water over them', 'cover and set aside ...","these muffins may have slightly different ingredients but the end result is a wonderful rich, moist muffin. the sugar sprinkled on top before cooking gives a slightly sweet crunch and cracked glazed a...","['all-purpose flour', 'buckwheat flour', 'unsweetened cocoa', 'baking powder', 'baking soda', 'salt', 'ground cinnamon', 'ground cloves', 'sorghum', 'eggs', 'yam', 'low-fat buttermilk', 'orange rind',...",18
immoral sandwich filling loose meat,58224,35,37183,2003-04-04,"['60-minutes-or-less', 'time-to-make', 'course', 'main-ingredient', 'preparation', 'for-large-groups', 'very-low-carbs', 'lunch', 'main-dish', 'beef', 'easy', 'stove-top', 'dietary', 'sandwiches', 'lo...","[223.2, 22.0, 4.0, 7.0, 35.0, 30.0, 0.0]",6,"['brown the meat & drain fat', 'stir in sugar , mustard , beer , cayenne , garlic and salt & pepper to taste', 'simmer until liquid has mostly cooked away', 'lay slices of cheese over top of meat , th...","just the thing for a day when you're wanton something delicious, and a hamburger patty is just too restrictive. loosen up your inhibitions and pile some loose meat on a bun. wicked over hot, whipped p...","['ground beef', 'sugar', 'prepared yellow mustard', 'beer', 'cayenne', 'garlic', 'salt & pepper', 'american cheese']",8
italian sandwich pasta salad,33606,25,26278,2002-07-08,"['30-minutes-or-less', 'time-to-make', 'course', 'main-ingredient', 'preparation', 'occasion', 'main-dish', 'salads', 'pasta', 'easy', 'kid-friendly', 'summer', 'dietary', 'one-dish-meal', 'seasonal',...","[279.2, 14.0, 12.0, 22.0, 23.0, 11.0, 12.0]",6,"['cook pasta and set aside', 'place onions , dill pickles , olives , water chestnuts , chives and peppers in a bowl', 'add oil , vinegar and spices', 'marinate for 15-20 minutes or so', 'add pasta , t...",this is a fun salad that uses the same ingredients you would in an italian sandwich. water chestnuts give it a nice crunch!!,"['tri-color spiral pasta', 'dill pickles', 'ripe olives', 'green onion', 'chives', 'sweet pepper', 'water chestnut', 'tomatoes', 'ham', 'cheese', 'olive oil', 'cider vinegar', 'onion powder', 'garlic ...",16
italian fries,94710,15,44372,2004-06-30,"['15-minutes-or-less', 'time-to-make', 'course', 'main-ingredient', 'preparation', 'healthy', 'side-dishes', 'potatoes', 'vegetables', 'easy', 'beginner-cook', 'kid-friendly', 'dietary', 'low-choleste...","[241.0, 12.0, 1.0, 23.0, 10.0, 11.0, 12.0]",4,"['deep fry french fries according to package directions', 'drain well on paper towels , and transfer to a serving platter', 'season with salt and pepper , then sprinkle on remaining ingredients', 'ser...","ok, so this is not *really* italian, but it is still great with burgers! :)","['frozen french fries', 'oil', 'salt & freshly ground black pepper', 'parmesan cheese', 'oregano', 'basil', 'flat leaf parsley']",7
italian gut busters,35173,45,22724,2002-07-27,"['60-minutes-or-less', 'time-to-make', 'course', 'preparation', 'lunch', 'main-dish', 'oven', 'easy', 'dietary', 'sandwiches', 'equipment']","[816.9, 100.0, 11.0, 97.0, 98.0, 180.0, 2.0]",7,"['lay out sandwich rolls on jelly roll pans / cookie sheets', 'melt butter , mix in italian dressing mix', 'using a pastry or bbq brush , graciously apply seasoned butter to the top of the""bottom bun""...",my sister-in-law made these for us at a family get together. they are delicious!! a little messy to make but worth the effort!! have a helper and make an,"['sandwich bun', 'good seasonings italian salad dressing mix', 'butter', 'deli turkey', 'ham', 'pepperoni', 'cheddar cheese', 'swiss cheese', 'mozzarella cheese']",9
jeanne s style birthday cake,83025,230,116315,2004-02-04,"['time-to-make', 'course', 'preparation', 'occasion', 'desserts', 'oven', 'dinner-party', 'cakes', 'stove-top', 'dietary', 'copycat', 'novelty', 'equipment', 'small-appliance', 'mixer', 'number-of-ser...","[5467.4, 516.0, 1196.0, 135.0, 110.0, 615.0, 188.0]",25,"['to prepare base , cut shortening into dry ingredients , mix well', 'pat firmly and evenly into an 8 inch square pan and bake at 350 deg', 'f', 'for 10-12 minutes', 'cool', 'for cake: cream shortenin...",a bakery in winnipeg is famous for this special cake and ship it to all parts of canada. a recipe request column in the winnipeg free press printed this copycat recipe submitted by a reader. enjoy !,"['shortening', 'icing sugar', 'vanilla', 'all-purpose flour', 'baking powder', 'sugar', 'eggs', 'salt', 'milk', 'butter']",10
jiffy extra moist carrot cake,52804,50,49304,2003-01-29,"['60-minutes-or-less', 'time-to-make', 'course', 'main-ingredient', 'preparation', 'occasion', 'desserts', 'eggs-dairy', 'fruit', 'vegetables', 'oven', 'easy', 'kid-friendly', 'picnic', 'cakes', 'nuts...","[612.1, 49.0, 170.0, 25.0, 15.0, 39.0, 25.0]",8,"['preheat oven to 350 degrees', 'mix together the cake mix , pudding , nutmeg and cinnamon', 'add eggs , oil and water to this mixture', 'mix on medium speed for 1 minute', 'add the pineapple , carrot...","this is a very tasty, moist, carrot cake. a nice sized cake for 2 or 3 people.","['yellow cake mix', 'vanilla instant pudding mix', 'nutmeg', 'cinnamon', 'eggs', 'oil', 'water', 'crushed pineapple', 'carrot', 'pecans', 'coconut']",11
jiffy roasted corn and jalapeno cornbread,108414,35,29506,2005-01-15,"['60-minutes-or-less', 'time-to-make', 'course', 'main-ingredient', 'preparation', 'occasion', 'breads', 'side-dishes', 'vegetables', 'easy', 'beginner-cook', 'comfort-food', 'inexpensive', 'corn', 't...","[400.2, 32.0, 43.0, 31.0, 21.0, 54.0, 14.0]",10,"['melt butter in a saut pan', 'add the corn , onion and red pepper and saut on medium heat until some of the corn kernels start to turn golden brown', 'whisk egg , corn liquid , and cream together', '...","this is a moist, easy, colorful and delicious cornbread. roasting the corn adds a little nuttier flavor and the red bell pepper adds a nice color and flavor.","['whole kernel corn', 'onion', 'red bell pepper', 'butter', 'jiffy corn muffin mix', 'egg', 'heavy cream', 'jalapenos', 'sharp cheddar cheese', 'honey']",10
keep it going german friendship cake,26995,14450,37305,2002-04-30,"['weeknight', 'time-to-make', 'course', 'main-ingredient', 'cuisine', 'preparation', 'occasion', 'breads', 'eggs-dairy', 'fruit', 'german', '1-day-or-more', 'oven', 'european', 'refrigerator', 'potluc...","[724.4, 38.0, 297.0, 20.0, 18.0, 31.0, 39.0]",13,"['mix starter ingredients in a bowl and let stand at room temperature undisturbed for 24 to 36 hours', 'place starter in a medium bowl and combine it with the""first day"" ingredients', 'cover and refri...","yes, this sounds bizarre, but it really is tasty and i have had some that was going around for months. it is a nice thing to start at work, school, church, etc. try it...it's like a chain cake instead...","['flour', 'water', 'dry yeast', 'milk', 'sugar', 'eggs', 'vegetable oil', 'baking soda', 'baking powder', 'salt', 'cinnamon', 'vanilla', 'crushed pineapple', 'raisins', 'nuts', 'butter', 'brown sugar'...",17
killer lasagna,53402,90,60512,2003-02-04,"['weeknight', 'time-to-make', 'course', 'main-ingredient', 'cuisine', 'preparation', 'occasion', 'casseroles', 'main-dish', 'pasta', 'oven', 'european', 'potluck', 'dinner-party', 'heirloom-historical...","[370.5, 38.0, 21.0, 57.0, 53.0, 64.0, 3.0]",13,"['brown the sausage and ground meat and drain all the fat', 'add all the other ingredients for the meat filling and simmer on the stove , uncovered , for about 1 / 2 hour', 'i usually add a bay leaf o...",this was originally my mom's recipe and used to be a favorite when we were kids. i always requested it for my birthday dinner.,"['italian sausage', 'ground beef', 'garlic', 'dried basil', 'salt', 'whole tomato', 'tomato paste', 'ricotta cheese', 'cottage cheese', 'parmesan cheese', 'parsley flakes', 'eggs', 'ground black peppe...",15
kitchen sink egg bake,59632,70,79219,2003-04-14,"['weeknight', 'time-to-make', 'course', 'main-ingredient', 'preparation', 'occasion', 'omelets-and-frittatas', 'breakfast', 'eggs-dairy', 'cheese', 'eggs', 'dietary', 'low-carb', 'inexpensive', 'low-i...","[794.2, 109.0, 9.0, 30.0, 59.0, 153.0, 3.0]",14,"['preheat oven to 325', 'thaw spinach , and squeeze out as much moisture as possible', 'beat the eggs in medium bowl', 'stir in the cottage cheese , grated cheese , spinach and seasonings', 'stir unti...",i call this,"['eggs', 'cottage cheese', 'cheese', 'frozen chopped spinach', 'beef', 'salt', 'pepper', 'herbs', 'spices', 'olive oil flavored cooking spray', 'toasted wheat germ']",11
land of nod cinnamon buns,22526,35,29212,2002-03-14,"['60-minutes-or-less', 'time-to-make', 'course', 'preparation', 'breakfast', 'oven', 'easy', 'dietary', 'equipment']","[575.3, 18.0, 116.0, 34.0, 28.0, 22.0, 34.0]",7,"['before you turn in for the night , grease a 10"" bundt pan and add frozen rolls', 'sprinkle with brown sugar , pudding powder , cinnamon and raisins', 'pour melted butter over all', 'cover with a cle...","i have made this several times and it's dead easy. if you have overnight guests, what could be easier for breakfast? i've made it on special occasions, too, such as easter morning and christmas mornin...","['rolls', 'brown sugar', 'instant vanilla pudding', 'cinnamon', 'raisins', 'butter']",6
leftovers spaghetti sauce,100870,40,164610,2004-09-29,"['60-minutes-or-less', 'time-to-make', 'course', 'main-ingredient', 'preparation', 'for-1-or-2', 'healthy', 'sauces', 'main-dish', 'condiments-etc', 'beef', 'pasta', 'dietary', 'low-cholesterol', 'low...","[987.8, 75.0, 195.0, 106.0, 104.0, 83.0, 28.0]",13,"[""i had previously browned and drained the ground beef and had it in the fridge , if you don't have this leftover , brown ground beef first in a nonstick skillet , drain off fat really well"", 'i use a...","i love eating ground beef in my spaghetti sauce. here's another recipe i made up, this time with leftovers i had in the fridge and also what i had on hand in the pantry. we were on a tight budget at t...","['stewed tomatoes', 'prego spaghetti sauce', 'garlic', 'ground beef', 'white onion', 'granulated sugar']",6
love is in the air beef fondue sauces,84797,25,4470,2004-02-23,"['30-minutes-or-less', 'time-to-make', 'course', 'main-ingredient', 'preparation', 'occasion', 'for-1-or-2', 'sauces', 'appetizers', 'main-dish', 'condiments-etc', 'beef', 'dinner-party', 'holiday-eve...","[1615.2, 154.0, 323.0, 74.0, 182.0, 193.0, 30.0]",4,"['honey mustard sauce: whisk all the ingredients together serve warm or cold', 'easy bbq sauce: combine all ingredients in a pot& cook over low heat until the sugar is dissolved', 'serve warm or cold'...",i think a fondue is a very romantic casual dinner or wonderful for after the theatre snack served with a robust red wine. for dinner serve with rice & a small salad. almond rice pilaf is a great accom...,"['beef steaks', 'vegetable oil', 'spicy mustard', 'fresh lemon juice', 'honey', 'brown sugar', 'ketchup', 'hot sauce', 'sour cream', 'fresh garlic', 'fresh parsley', 'dried dill weed']",12
make it your way shortcakes,35653,25,6164,2002-07-29,"['30-minutes-or-less', 'time-to-make', 'course', 'preparation', 'occasion', 'breads', 'desserts', 'easy', 'beginner-cook', 'fall', 'heirloom-historical', 'holiday-event', 'kid-friendly', 'picnic', 'ro...","[175.2, 11.0, 15.0, 8.0, 7.0, 21.0, 7.0]",11,"['pre-heat the oven to 450', 'sift together the flour , salt and baking powder', 'mix in the sugar', 'cut in the butter with a fork until meal-like crumbs form', 'lightly beat the egg in a separate bo...","top with freshly sliced strawberries and whipped cream to create a classic summertime dessert. again, you can play around with different toppings a verytime you bake these cakes. wonderful !","['flour', 'salt', 'baking powder', 'sugar', 'butter', 'egg', 'milk']",7
make that chicken dance salsa pasta,32169,30,27678,2002-06-25,"['30-minutes-or-less', 'time-to-make', 'course', 'main-ingredient', 'preparation', 'occasion', 'for-1-or-2', 'healthy', 'main-dish', 'pasta', 'poultry', 'vegetables', 'easy', 'chicken', 'stove-top', '...","[255.2, 18.0, 39.0, 18.0, 39.0, 13.0, 6.0]",7,"['heat oil in a frying pan and saut the onions and mushrooms until soft , about two minutes', 'add the water , tomatoes , garlic , oregano , basil , parsley and hot sauce', 'simmer over low heat for 6...","i made this up the other night after i started to make mirjam's penne arrabiatta (#22941) but discovered i was missing a few ingredients. like the italian dish i meant to make, this one is also spicy ...","['tomatoes', 'garlic', 'onion', 'button mushrooms', 'hot sauce', 'dried oregano', 'dried basil', 'fresh parsley', 'water', 'salsa', 'chicken breasts', 'olive oil', 'fresh ground black pepper', 'parmes...",15
marijuana vinegar,24478,20160,32692,2002-04-08,"['weeknight', 'time-to-make', 'course', 'cuisine', 'preparation', 'occasion', 'for-large-groups', '5-ingredients-or-less', 'condiments-etc', '1-day-or-more', 'easy', 'european', 'no-cook', 'vegetarian...","[3.1, 0.0, 0.0, 0.0, 0.0, 0.0, 0.0]",5,"['mix the herbs and vinegar together in a jar', 'seal and leave in a warm place for 2 weeks , shaking often', 'strain the vinegar through cheesecloth and then through coffee filter paper', 'pour into ...","stefan and emily used to make this stuff when her herb garden was overly productive. the last batch i made was with a blend of thyme, summer savoury, basil, oregano and a bay leaf.","['fresh herbs', 'cider vinegar', 'fresh herb']",3
mennonite corn fritters,44045,15,41706,2002-10-25,"['15-minutes-or-less', 'time-to-make', 'course', 'main-ingredient', 'cuisine', 'preparation', 'occasion', 'north-american', 'side-dishes', 'vegetables', 'american', 'easy', 'diabetic', 'dinner-party',...","[67.1, 7.0, 2.0, 7.0, 3.0, 10.0, 1.0]",6,"['combine eggs , flour , baking powder , salt& pepper with the corn', 'mix thoroughly', 'add cream to mixture', 'melt fat in frying pan& drop corn mixture by spoonfuls into the hot fat', 'brown on bot...","ok - my heritage has been revealed. :) these are simply wonderful. a favorite among our community, they're sure to bring a smile to your face. enjoy!","['fresh corn', 'eggs', 'flour', 'salt', 'pepper', 'baking powder', 'cream', 'fat']",8
mexican pasta,60219,25,76846,2003-04-18,"['30-minutes-or-less', 'time-to-make', 'course', 'main-ingredient', 'cuisine', 'preparation', 'north-american', 'healthy', 'side-dishes', 'pasta', 'mexican', 'easy', 'low-fat', 'dietary', 'inexpensive...","[325.3, 10.0, 11.0, 39.0, 26.0, 17.0, 17.0]",5,"['boil pasta as directed on package', 'drain and put in large serving bowl', 'mix picante sauce , milk , and cheese soup in a smaller bowl until creamy', 'heat in microwave until warm', 'mix sauce and...",made this as a side dish for mexican meatballs (#58471)because my oldest won't do rice. even she liked it!,"['fettuccine pasta', 'cheddar cheese soup', 'milk', 'picante sauce', 'black olives', 'jalapeno']",6
mock a mole low fat guacamole,81185,15,67026,2004-01-15,"['15-minutes-or-less', 'time-to-make', 'course', 'main-ingredient', 'cuisine', 'preparation', 'occasion', 'north-american', 'healthy', 'appetizers', 'vegetables', 'american', 'southwestern-united-stat...","[115.9, 7.0, 21.0, 19.0, 9.0, 3.0, 5.0]",7,"['thaw peas by running hot water over them in a strainer until they are bright green', 'puree peas in food processor', 'add 1 / 4 of one avocado , salt , and juice of one lemon or lime', 'puree again ...",from crescent dragonwagon's,"['frozen peas', 'hass avocado', 'salt', 'lemons, juice of', 'tomatoes', 'onion', 'cilantro']",7
momma s special marinade,30131,10,41480,2002-06-03,"['15-minutes-or-less', 'time-to-make', 'course', 'cuisine', 'preparation', 'occasion', 'north-american', 'for-1-or-2', 'low-protein', 'condiments-etc', 'american', 'barbecue', 'easy', 'diabetic', 'hol...","[199.2, 31.0, 6.0, 10.0, 1.0, 13.0, 1.0]",4,"['depending on how much meat i have i usually have to either double or triple this recipe the longer your meat marinates the better it tastes', 'this recipe was originally for salmon , but i think it ...",we usually use with chicken. my neices ask for this by name,"['lemon juice', 'oil', 'worcestershire sauce', 'basil', 'soy sauce', 'garlic powder', 'pepper']",7
more more apple pear jigglers,63593,125,47858,2003-06-02,"['weeknight', 'time-to-make', 'main-ingredient', 'preparation', 'for-large-groups', 'low-protein', 'fruit', 'finger-food', 'kid-friendly', 'dietary', 'low-sodium', 'low-cholesterol', 'infant-baby-frie...","[22.9, 1.0, 5.0, 0.0, 1.0, 3.0, 0.0]",6,"['in a food processor or blender , process the gelatin and milk for 30 seconds or until gelatin is disolved and mixture is smooth', 'add the cream cheese and yogurt and process for 10 seconds', 'add t...",it's a fun finger food for infants and toddlers that packs a little calcium and vitamin punch. try vegetarian cream cheese and soy yogurt for the lactose intolerant child or children not yet introduce...,"['unflavored gelatin', 'milk', 'cream cheese', 'yogurt', 'apple', 'pear']",6
mr grant you took half veal prince orloff,43164,120,28201,2002-10-14,"['weeknight', 'time-to-make', 'course', 'main-ingredient', 'cuisine', 'preparation', 'occasion', 'casseroles', 'main-dish', 'beef', 'oven', 'european', 'roast', 'dinner-party', 'romantic', 'veal', 'me...","[510.6, 50.0, 10.0, 21.0, 90.0, 70.0, 1.0]",26,"['preheat oven to 325', 'dry the veal on paper towels', 'place in a heavy casserole just large enough to hold the veal easily', 'place the casserole over moderately high heat with the butter and oil',...",i couldn't resist! named in honor of one of my all time favorite,"['veal roast', 'butter', 'oil', 'carrots', 'onions', 'parsley sprigs', 'bay leaf', 'thyme', 'salt', 'pepper', 'bacon']",11
munch without guilt tomatoes,30300,10,6164,2002-06-04,"['15-minutes-or-less', 'time-to-make', 'course', 'main-ingredient', 'cuisine', 'preparation', 'occasion', 'low-protein', 'healthy', '5-ingredients-or-less', 'appetizers', 'salads', 'vegetables', 'asia...","[3.0, 0.0, 1.0, 0.0, 0.0, 0.0, 0.0]",3,"['put a slice of tomato on each biscuit / cracker', 'smear with little mayo and sprinkle black pepper', 'munch without guilt !']",anytime munchies...another sweat free preparation for all of you !,"['tomatoes', 'crackers', 'mayonnaise', 'black pepper']",4
my muffuletta sandwich,78655,20,12875,2003-12-12,"['30-minutes-or-less', 'time-to-make', 'course', 'main-ingredient', 'cuisine', 'preparation', 'occasion', 'lunch', 'pork', 'easy', 'european', 'finger-food', 'italian', 'sandwiches', 'meat', 'novelty'...","[181.1, 26.0, 6.0, 17.0, 2.0, 11.0, 2.0]",3,"['mix everything in food processor', 'chop fine for spread', 'refrigerate until ready to use']",watched a documentary about the,"['ciabatta', 'provolone cheese', 'genoa salami', 'ham', 'tomatoes', 'sweet onion', 'green olives', 'kalamata olive', 'fresh basil', 'capers', 'garlic', 'brine', 'oregano leaves', 'olive oil', 'red win...",17
never weep whipped cream,74805,5,87877,2003-11-01,"['15-minutes-or-less', 'time-to-make', 'course', 'main-ingredient', 'preparation', '5-ingredients-or-less', 'condiments-etc', 'eggs-dairy', 'easy', 'refrigerator', 'garnishes', 'equipment', 'small-app...","[276.3, 45.0, 2.0, 1.0, 3.0, 91.0, 0.0]",4,"['whip all ingredients together until firm peaks form', 'cover leftovers tightly , preferably in an air-tight plastic container', 'this stays the same consistency until used', 'it will keep for a week...","i don't know where i got this, but it works. the whipped cream will keep for a week in the fridge without deflating... great for party make-ahead.","['whipping cream', 'vanilla instant pudding mix', 'powdered sugar', 'vanilla extract']",4
no bake cookie crumble cheesecake,71635,135,82367,2003-09-26,"['weeknight', 'time-to-make', 'course', 'preparation', 'desserts', 'cheesecake', '4-hours-or-less']","[387.6, 39.0, 98.0, 12.0, 12.0, 67.0, 11.0]",8,"['in blender , sprinkle gelatin over cold milk', 'let stand 2 minutes', 'add hot milk and process at low until dissolved , about 2 minutes', 'add cream cheese , sugar and vanilla and process until ble...","yet another one i have not made, but have had for awhile. sounds good and very versatile as you choose what kind of cookies to use! also sounds extremely easy(not to mention quick) as you whip this al...","['gelatin', 'milk', 'cream cheese', 'sugar', 'vanilla extract', 'miniature semisweet chocolate chips', 'prepared graham cracker crusts', 'cookie']",8
now and later vegetarian empanadas,38276,90,37640,2002-08-26,"['weeknight', 'time-to-make', 'course', 'main-ingredient', 'cuisine', 'preparation', 'occasion', 'north-american', 'lunch', 'main-dish', 'vegetables', 'mexican', 'vegetarian', 'dietary', 'gifts', 'one...","[477.1, 36.0, 24.0, 21.0, 26.0, 61.0, 18.0]",41,"['in a pot , cover carrots with water to cover', 'bring to a boil , then lower heat', 'simmer 10 minutes or until just tender', 'while simmering carrots , pour contents of can of tomatoes into a bowl ...",this is from,"['carrots', 'butter', 'onion', 'sliced mushrooms', 'zucchini', 'celery', 'green pepper', 'cloves', 'tomatoes', 'chili powder', 'ground cumin', 'oregano', 'cayenne pepper', 'flour', 'water', 'monterey ...",22
off the cob freezer corn,97052,120,51224,2004-08-05,"['time-to-make', 'course', 'main-ingredient', 'preparation', 'low-protein', '5-ingredients-or-less', 'side-dishes', 'vegetables', 'easy', 'freezer', 'dietary', 'low-sodium', 'oamc-freezer-make-ahead',...","[517.2, 58.0, 29.0, 2.0, 17.0, 113.0, 14.0]",15,"['preheat oven to 325f', 'shuck ears of corn', 'rinse to remove silks', 'place on paper towels to drain', 'using an angel food cake pan and electric knife , stand each ear on tube part of pan and cut ...",this recipe allows you the fresh taste of sweet corn-on-the cob all year long. i've been making it for years and will today make it with olathe corn i picked up at the market for 10 ears for $1. it st...,"['sweet corn', 'sweet butter', 'half-and-half', 'salt and pepper']",4
one bowl perfect pound cake,26835,70,37305,2002-04-29,"['weeknight', 'time-to-make', 'course', 'main-ingredient', 'preparation', 'occasion', 'desserts', 'oven', 'easy', 'potluck', 'dinner-party', 'heirloom-historical', 'holiday-event', 'kid-friendly', 'pi...","[456.6, 32.0, 164.0, 15.0, 11.0, 63.0, 20.0]",7,"['preheat oven to 325 degrees and grease and flour a tube or bundt pan', 'combine all ingredients in a large bowl and blend at low speed', 'beat 3 minutes at medium speed', 'pour into prepared pan', '...","this is the perfect pound cake recipe...plus so easy to prepare and only one bowl to wash! this is a firm cake, so if you are into cutting and shaping cakes, this works well. i have used it for christ...","['all-purpose flour', 'sugar', 'salt', 'baking soda', 'lemon, rind of', 'vanilla', 'butter', 'yogurt', 'eggs']",9
one pot brownies,32271,40,41809,2002-06-25,"['60-minutes-or-less', 'time-to-make', 'course', 'main-ingredient', 'preparation', 'desserts', 'easy', 'cookies-and-brownies', 'chocolate', 'bar-cookies', 'brownies', 'dietary']","[1389.5, 129.0, 410.0, 26.0, 42.0, 211.0, 51.0]",8,"['melt chocolate and butter in heavy pot', 'let cool slightly , then add sugar and mix well', 'add eggs , mix well , then beat in flour', 'add vanilla', 'add nuts or raisins , if desired', 'stir well'...","this recipe was submitted by mrs. stuart padnos for a cookbook fund raiser put out by members of the junior welfare league, holland, michigan about 30 or so years ago. my mom brought the cookbook back...","['unsweetened chocolate squares', 'butter', 'sugar', 'eggs', 'flour', 'vanilla', 'nuts']",7
open sesame noodles,107229,28,173674,2004-12-30,"['30-minutes-or-less', 'time-to-make', 'course', 'main-ingredient', 'cuisine', 'preparation', 'main-dish', 'asian', 'easy', 'diabetic', 'kosher', 'dietary', 'pasta-rice-and-grains']","[617.5, 34.0, 13.0, 20.0, 56.0, 18.0, 24.0]",8,"['cook pasta in salted water until al dente', 'drain', 'steam broccoli , set aside', 'whisk next 6 ingredients together in large serving bowl', 'add hot pasta', 'stir in onions , broccoli , and chicke...",this is a very versatile and widely enjoyed pasta dish with chicken. it has an asian influence with a very nice sesame flavor. i whipped it up one evening with a limited pantry and my little one named...,"['vermicelli', 'rice vinegar', 'reduced sodium soy sauce', 'vegetable oil', 'fresh ginger', 'chili-garlic sauce', 'sesame oil', 'green onions', 'broccoli', 'cooked chicken', 'fresh cilantro', 'sesame ...",12
philly waldorf salad,5060,60,1534,1999-12-01,"['60-minutes-or-less', 'time-to-make', 'course', 'cuisine', 'preparation', 'north-american', 'low-protein', 'salads', 'american', 'easy', 'dietary', 'low-sodium', 'low-in-something', '3-steps-or-less'...","[180.7, 22.0, 29.0, 3.0, 6.0, 33.0, 3.0]",4,"['combine softened cream cheese , orange juice , orange rind and sugar , mixing until well blended', 'add remaining ingredients', 'mix lightly', 'chill']",,"['philadelphia cream cheese', 'orange juice', 'orange rind', 'sugar', 'apples', 'celery', 'pecans']",7
pick me up party chicken kabobs,42570,30,6164,2002-10-07,"['30-minutes-or-less', 'time-to-make', 'course', 'main-ingredient', 'preparation', 'very-low-carbs', 'appetizers', 'lunch', 'side-dishes', 'poultry', 'chicken', 'dietary', 'high-protein', 'low-carb', ...","[213.6, 24.0, 0.0, 26.0, 31.0, 16.0, 0.0]",5,"['combine all ingredients in a non-reactive bowl', 'cover and refrigerate overnight', 'place the chicken on skewers', 'grill until tender', 'serve warm']",serve as an appetizer or party pick-up food.,"['boneless chicken breast', 'garlic', 'salt', 'cumin', 'paprika', 'thyme', 'olive oil', 'lemon juice', 'cayenne', 'fresh ground pepper']",10
pizza stuffed potato,52443,25,1533,2003-01-28,"['30-minutes-or-less', 'time-to-make', 'course', 'main-ingredient', 'preparation', 'occasion', 'for-1-or-2', 'side-dishes', 'eggs-dairy', 'potatoes', 'vegetables', 'oven', 'easy', 'kid-friendly', 'che...","[183.3, 12.0, 9.0, 15.0, 21.0, 23.0, 6.0]",8,"['preheat oven to 450 degrees', 'cut potato in half lengthwise', 'scoop out pulp from potato halves into a bowl , leaving 1 / 4-inch-thick shells', 'mash pulp and reserve shells', 'add 1 ounce mozzare...",,"['baking potato', 'mozzarella cheese', 'tomato sauce', 'part-skim ricotta cheese', 'oregano leaves', 'garlic powder', 'parmesan cheese']",7
pour over anything mushroom gravy,35595,20,6164,2002-07-29,"['30-minutes-or-less', 'time-to-make', 'course', 'main-ingredient', 'cuisine', 'preparation', 'occasion', 'sauces', 'main-dish', 'condiments-etc', 'vegetables', 'asian', 'indian', 'easy', 'dinner-part...","[33.1, 0.0, 11.0, 0.0, 2.0, 0.0, 2.0]",6,"['in a small saucepan , saut onion and mushrooms in a small amount oil', 'mix dissolved cornstarch into a cup of vegetable broth', 'slowly add to onions and mushrooms', 'add the other ingredients too'...",the name says it all...absolute must for all the mushroom lovers out there...smooth as silk gravy!!,"['onion', 'mushroom pieces', 'sodium-free vegetable broth', 'tomato puree', 'cornstarch', 'white wine', 'black pepper', 'tabasco sauce']",8
put down your fork tuna and bean salad,108804,120,178452,2005-01-19,"['time-to-make', 'main-ingredient', 'preparation', 'seafood', 'easy', 'beginner-cook', 'fish', 'dietary', 'low-cholesterol', 'low-saturated-fat', 'low-calorie', 'low-carb', 'tuna', 'healthy-2', 'low-i...","[227.2, 14.0, 8.0, 29.0, 40.0, 7.0, 4.0]",4,"['in salad bowl , combine oil , vinegar , garlic , salt , basil and black pepper', 'add beans , tuna , scallions and sweet pepper and toss', 'chill several hours for flavors to blend', 'to make a beau...","the story behind this comes from a simple recipe i had found, then made changes to make our own. my husband loved it so much the first time i made it i literally had to say to him","['light olive oil', 'red wine vinegar', 'garlic', 'salt', 'fresh basil', 'black pepper', 'white kidney beans', 'albacore tuna in water', 'scallions', 'red sweet bell peppers', 'bibb lettuce']",11
real italian bolognese sauce,83950,160,124847,2004-02-14,"['time-to-make', 'course', 'cuisine', 'preparation', 'sauces', 'condiments-etc', 'european', 'italian', 'dietary', '4-hours-or-less']","[1260.7, 97.0, 11.0, 71.0, 103.0, 119.0, 38.0]",16,"['in a dutch oven or medium size pot , heat butter and olive oil over medium heat until butter begins to froth', 'add onion , celery , carrot , garlic , and bacon', 'cook until onions are translucent'...","after traveling throughout italy, savoring the fine tastes of bolognese from the many different regions, i decided to formulate my own. try it, you'll love it.","['bacon', 'onion', 'celery', 'carrot', 'garlic', 'butter', 'olive oil', 'lean ground beef', 'ground pork', 'beef consomme', 'dry white wine', 'crushed tomatoes', 'salt', 'black pepper', 'rubbed sage',...",20
red hot applesauce,19208,135,15572,2002-02-08,"['weeknight', 'time-to-make', 'main-ingredient', 'preparation', 'occasion', '5-ingredients-or-less', 'fruit', 'easy', 'kid-friendly', 'vegetarian', 'dietary', '4-hours-or-less']","[110.1, 0.0, 91.0, 0.0, 1.0, 0.0, 9.0]",8,"[""core the apples , but it isn't necessary to peel them"", 'i like the texture of having the peels in the sauce', 'dice them very fine', 'tumble everything into a large pot and bring to a boil', ""reduc...",cinnamonophiles will love this one. try it on french toast.,"['apples', 'red cinnamon candies', 'sugar substitute', 'water']",4
red macaroni salad,64302,1470,82367,2003-06-11,"['weeknight', 'time-to-make', 'course', 'main-ingredient', 'preparation', 'healthy', 'salads', 'side-dishes', 'pasta', '1-day-or-more', 'dietary', 'low-sodium', 'low-cholesterol', 'healthy-2', 'low-in...","[572.6, 43.0, 113.0, 11.0, 17.0, 18.0, 24.0]",7,"['in large mixing bowl , combine your macaroni& diced veggies', 'in another bowl , combine sauce ingredients , blending well', 'pour sauce over the macaroni& vegetables', 'mix well& chill', 'this can ...","this is not your usual macaroni salad....there is no miracle whip in this. when i first saw it i was a little put off because of the looks of it, but was sooo surprised when i tasted it!!glad i did! t...","['elbow macaroni', 'green pepper', 'onion', 'celery', 'fresh tomato', 'cucumber', 'oil', 'brown sugar', 'lemon juice', 'ketchup']",10
rich hot fudge cake,35964,45,34272,2002-08-02,"['60-minutes-or-less', 'time-to-make', 'course', 'main-ingredient', 'preparation', 'occasion', 'low-protein', 'healthy', 'desserts', 'oven', 'easy', 'cakes', 'chocolate', 'dietary', 'low-sodium', 'low...","[580.0, 13.0, 362.0, 15.0, 11.0, 8.0, 40.0]",10,"['combine flour , sugar , 2 t cocoa , baking powder , and salt', 'stir in milk , oil , and vanilla until smooth', 'spread in an ungreased 9"" square pan', 'combine brown sugar and remaining 4 t cocoa',...","this is a very rich hot fudge cake that i got hooked on when i was expecting our daughter - just couldn't get enough of it and now she loves chocolate....hum... anyway, this is a easy recipe that i lo...","['flour', 'sugar', 'cocoa', 'baking powder', 'salt', 'milk', 'vegetable oil', 'vanilla', 'brown sugar', 'hot water']",10
rise and shine german fruit pancake,71457,45,93698,2003-09-15,"['60-minutes-or-less', 'time-to-make', 'course', 'cuisine', 'preparation', 'north-american', 'pancakes-and-waffles', 'breakfast', 'american', 'dietary', 'midwestern']","[253.0, 13.0, 64.0, 10.0, 11.0, 16.0, 13.0]",11,"['preheat oven to 450 degrees', 'with an electric mixer or wire whisk , beat eggs until frothy', 'whisk in flour', 'stir in milk and salt', 'melt butter in a 10-inch oven-proof skillet', 'pour mixture...",source: kbyu's culinary creations with mary crafts,"['eggs', 'flour', 'milk', 'salt', 'butter', 'powdered sugar', 'apple pie filling', 'toasted almonds']",8
say what banana sandwich,95926,5,118163,2004-07-20,"['15-minutes-or-less', 'time-to-make', 'course', 'main-ingredient', 'cuisine', 'preparation', 'occasion', 'north-american', '5-ingredients-or-less', 'lunch', 'fruit', 'american', 'southern-united-stat...","[238.0, 3.0, 66.0, 10.0, 10.0, 2.0, 17.0]",4,"['spread a tablespoon on one side of each slice on bread', 'peel and cut the bananas into 1 / 4-inch round slices', 'lay the slices on two of the slices of bread and then top with the other half', 'en...",you just have to try it to believe it.,"['white bread', 'mayonnaise', 'bananas']",3
smells like sunday chicken fricassee with meatballs,103948,90,73836,2004-11-12,"['time-to-make', 'course', 'main-ingredient', 'preparation', 'main-dish', 'beef', 'poultry', 'chicken', 'dietary', 'low-sodium', 'low-carb', 'ground-beef', 'low-in-something', 'meat', 'chicken-thighs-...","[692.2, 53.0, 16.0, 17.0, 102.0, 36.0, 12.0]",20,"['first of all make the meatballs by combining all the meatball ingredients in a bowl , mixing well', 'shape mixture into 1 1 / 2 inch balls and brown in a single layer in the oil , over medium high h...","like many family recipes, this one was created out of the need to stretch ingredients. one day when there was just a little chicken, and even less ground beef in the house, an old aunt of mine decreed...","['boneless skinless chicken thighs', 'all-purpose flour', 'salt', 'fresh ground black pepper', 'dried oregano', 'dried thyme', 'garlic powder', 'vegetable oil', 'onion', 'chicken stock', 'dry white wi...",15
smoked salmon cracker spread,99024,65,110034,2004-09-02,"['time-to-make', 'course', 'main-ingredient', 'preparation', 'very-low-carbs', 'appetizers', 'lunch', 'seafood', 'easy', 'salmon', 'fish', 'dietary', 'high-protein', 'low-carb', 'high-in-something', '...","[132.4, 14.0, 0.0, 8.0, 21.0, 26.0, 0.0]",8,"['in small mixer bowl beat cream cheese at med', 'speed , scraping bowl often , until light and fluffy add salt , lemon juice , onion , and liquid smoke', 'continue beating until well mixed', 'by hand...","from the land of lakes cookbook via a friend who knows how i like to play. great as an appetizer spread, rolled in a tortilla, or in sandwiches. lots of possibilities for innovation here! cook time is...","['cream cheese', 'salmon', 'salt', 'lemon juice', 'onions', 'liquid smoke']",6
some like it hot,64045,70,52448,2003-06-06,"['weeknight', 'time-to-make', 'course', 'main-ingredient', 'cuisine', 'preparation', 'occasion', 'for-1-or-2', 'main-dish', 'beans', 'vegetables', 'asian', 'dinner-party', 'vegetarian', 'stove-top', '...","[649.6, 55.0, 104.0, 116.0, 72.0, 39.0, 19.0]",11,"['start with the topping , in a frying pan , dry fry the coconut and peanuts until golden brown , tossing it so it wont burn , remove from the pan and let cool', 'mix together the soy sauce , cayenne ...","if you don't like it too hot, leave out the chili peppers and sambal, it will still be a spicy indonesian inspired dish.","['onion', 'garlic', 'ground coriander', 'ground cumin', 'red chili pepper', 'peanut oil', 'carrots', 'green beans', 'tomatoes', 'vegetable stock', 'bean sprouts', 'tempeh', 'soy sauce', 'ground cayenn...",20
souper easy sweet sour meatballs,41756,150,56266,2002-10-01,"['weeknight', 'time-to-make', 'course', 'main-ingredient', 'cuisine', 'preparation', 'occasion', 'north-american', 'appetizers', 'beef', 'canadian', 'easy', 'potluck', 'heirloom-historical', 'holiday-...","[114.6, 6.0, 45.0, 5.0, 10.0, 7.0, 4.0]",7,"['mix together beef , bread crumbs , onions and eggs', 'form into meatballs', 'fry and brown in oil', 'drain on paper towel , then roll in cornstarch', 'in a sauce pan combine soup , water , sugar , s...",tasty & easy are 2 words to describe this recipe. never any leftovers. i usually double this recipe and freeze in meals size amounts. this way i always have somthing to pull from the freezer on days i...,"['ground beef', 'dried breadcrumbs', 'onion', 'eggs', 'tomato soup', 'water', 'sugar', 'salt and pepper', 'lemon juice']",9
sour cream avocado dip vegan,112959,10,167849,2005-03-08,"['lactose', '15-minutes-or-less', 'time-to-make', 'course', 'cuisine', 'preparation', 'occasion', 'north-american', 'for-large-groups', 'appetizers', 'mexican', 'easy', 'no-cook', 'potluck', 'holiday-...","[12.8, 1.0, 0.0, 0.0, 0.0, 0.0, 0.0]",6,"['peel and pit avocado , put in a large mixing bowl', 'add entire block of tofu and salsa', 'combine ingredients using a hand mixer on medium speed for about 1 minute or until the mixture becomes smoo...","i made this up when i had an avocado that was getting too ripe and some leftover cilantro. it's good with chips or cut-up veggies, as a topping for mexican food or baked potatoes, etc. totally vegan a...","['soft silken tofu', 'avocado', 'chunky salsa', 'fresh cilantro', 'lime juice', 'hot sauce', 'salt and pepper']",7
spicy banana bread,83062,75,49879,2004-02-04,"['time-to-make', 'course', 'main-ingredient', 'preparation', 'breads', 'fruit', 'easy', 'dietary', 'quick-breads', 'tropical-fruit', 'bananas', 'number-of-servings', '4-hours-or-less']","[3043.4, 235.0, 984.0, 107.0, 79.0, 165.0, 132.0]",12,"['preheat oven to 350 degrees', 'spray two 9x5 loaf pans with non-stick cooking spray', 'cream shortening and sugar until light', 'beat in eggs one at a time', 'in separate bowl , sift together flour ...",what a great banana bread. nice change from your basic banana bread. adjutst spices to taste. candace submitted this recipe at another recipe site.,"['shortening', 'white sugar', 'bananas', 'eggs', 'flour', 'salt', 'baking soda', 'cinnamon', 'ground cloves', 'nutmeg', 'walnuts']",11
steamed chicken cutlets in packages,98930,35,107823,2004-09-01,"['60-minutes-or-less', 'time-to-make', 'course', 'main-ingredient', 'preparation', 'occasion', 'very-low-carbs', 'main-dish', 'poultry', 'oven', 'dinner-party', 'chicken', 'dietary', 'low-sodium', 'lo...","[190.5, 12.0, 3.0, 3.0, 53.0, 6.0, 0.0]",11,"['preheat oven to 450f', 'rinse the chicken breasts , and either cut or pound the chicken to create cutlets of about equal size', 'tear off squares of aluminum foil and place each chicken breast on a ...","this creates a great aroma when the packages are first opened at the table--the packages hold the flavors in the chicken. i'm a huge chicken fan, and this is a very simple but tasty way to serve it.","['boneless skinless chicken breast', 'tomatoes', 'dried basil', 'olive oil', 'lime juice', 'salt and pepper']",6
stove top bbq beef or pork ribs,83133,150,108291,2004-02-05,"['time-to-make', 'course', 'main-ingredient', 'preparation', 'main-dish', 'beef', 'easy', 'dietary', 'meat', 'beef-ribs', '3-steps-or-less', '4-hours-or-less']","[179.3, 7.0, 119.0, 36.0, 3.0, 3.0, 11.0]",1,"['cut all ribs into serving size pieces sprinkle ribs with salt in a dutch oven , brown ribs on all sides in veg oil over medium heat remove ribs from pot saute onions in pot until lightly browned ret...","this recipe is from the paula deen cooking show on the tv food network. originally shown for beef short ribs only, i have found it works as well with pork ribs. i have increased the amount of sauce in...","['beef ribs', 'onion', 'ketchup', 'water', 'fresh lemon juice', 'brown sugar', 'mustard', 'salt', 'worcestershire sauce', 'vegetable oil']",10
sugared grapes,39947,15,54631,2002-09-10,"['15-minutes-or-less', 'time-to-make', 'course', 'main-ingredient', 'preparation', 'occasion', 'healthy', '5-ingredients-or-less', 'condiments-etc', 'fruit', 'easy', 'dinner-party', 'holiday-event', '...","[140.4, 0.0, 133.0, 1.0, 4.0, 0.0, 11.0]",5,"['for one regular size bunch of grapes , 2 egg whites', 'brush grapes with egg whites and then sprinkle sugar to totaly cover grapes', 'freeze until needed the day of', ""this makes a very pretty garni...","i first tasted these light, crunchy, twist on grapes at a mother/daughter tea. they are absolutely wonderful and they make very pretty garnishes!","['green grape', 'egg whites', 'sugar']",3
symphony brownies,44895,45,51224,2002-10-29,"['60-minutes-or-less', 'time-to-make', 'course', 'preparation', '5-ingredients-or-less', 'desserts', 'easy', 'cookies-and-brownies', 'bar-cookies', 'brownies', 'number-of-servings']","[5728.3, 470.0, 1941.0, 87.0, 140.0, 443.0, 226.0]",10,"['preheat oven to 350 degrees , or 325 degrees for glass baking dish', 'lightly grease the bottom only of an 11 x 7 inch baking pan', 'set aside', 'in a large mixing bowl prepare brownie mix according...",a,"['betty crocker fudge brownie mix', 'eggs', 'water', 'vegetable oil', 'milk chocolate candy bars']",5
the best banana bread or muffins,39363,70,51579,2002-09-03,"['weeknight', 'time-to-make', 'course', 'main-ingredient', 'preparation', 'occasion', 'for-large-groups', 'breads', 'fruit', 'oven', 'holiday-event', 'kid-friendly', 'muffins', 'dietary', 'comfort-foo...","[175.7, 9.0, 65.0, 9.0, 5.0, 18.0, 9.0]",10,"['cream together butter and sugar', 'blend in eggs', 'add bananas , water , soda , salt , and baking powder', 'blend well', 'stir in flour', 'add nuts and / or chips , if desired', 'pour into 4 grease...","okay, another banana bread recipe...but maybe the other ones don't have at least one ingredient that this one does...my family loves the muffins from this recipe...especially when i make mini-muffins!...","['butter', 'sugar', 'eggs', 'bananas', 'water', 'baking soda', 'salt', 'baking powder', 'flour', 'nuts', 'chocolate chips']",11
the best chocolate chip cheesecake ever,62368,90,82367,2003-05-17,"['time-to-make', 'course', 'preparation', 'desserts', 'cheesecake', 'number-of-servings', '4-hours-or-less']","[6007.2, 653.0, 1772.0, 149.0, 228.0, 1218.0, 155.0]",12,"['preheat oven to 300', 'combine cookie crumbs& butter , press firmly on bottom of 9 inch springform pan', 'in large mixing bowl beat cream cheese until fluffy , beat in sweetened condensed milk , egg...",i wrote this recipe down once while visiting a girl friend(she just had it on an index card) i hadn't even tried it and boy was i not sorry...this is the best! i get rave reviews whenever i make this....,"['oreo cookie crumbs', 'butter', 'cream cheese', 'sweetened condensed milk', 'eggs', 'vanilla', 'chocolate chips', 'flour', 'sour cream', 'brown sugar']",10
the elvis smoothie,111875,2,37584,2005-02-24,"['15-minutes-or-less', 'time-to-make', 'course', 'main-ingredient', 'preparation', 'for-1-or-2', '5-ingredients-or-less', 'beverages', 'fruit', 'easy', 'vegetarian', 'smoothies', 'dietary', 'tropical-...","[354.2, 29.0, 94.0, 2.0, 26.0, 24.0, 12.0]",4,"['place all ingredients in blender', 'blend until very smooth', 'serve immediately', 'for a vegan smoothie , make with soy milk and soy yogurt']","this is a great smoothie, thick and creamy. my husband loves it, i think the kids would like it too.","['banana', 'natural-style peanut butter', '2% low-fat milk', 'sugar-free non-fat vanilla yogurt']",4
the man s taco dip,42522,40,55690,2002-10-07,"['60-minutes-or-less', 'time-to-make', 'course', 'preparation', '5-ingredients-or-less', 'appetizers', 'easy', 'dips', 'dietary']","[184.8, 26.0, 0.0, 7.0, 13.0, 53.0, 0.0]",6,"['mix cream cheese and sour cream until a soft mixture', 'add taco seasoning and bean dip', 'add 3 / 4 of cheese and pour into a baking dish', 'add remaining cheese on top', 'bake at 350 deg for 20 to...","this a wonderful hot dip for chips that seems to attract men (everytime we serve it, the men are always gathered around this dish)","['cream cheese', 'sour cream', 'taco seasoning', 'bean dip', 'cheddar cheese']",5
the woiks dilly burgers,34930,32,23302,2002-07-24,"['bacon', '60-minutes-or-less', 'time-to-make', 'course', 'main-ingredient', 'cuisine', 'preparation', 'occasion', 'north-american', 'lunch', 'main-dish', 'beef', 'eggs-dairy', 'fruit', 'pork', 'veget...","[449.2, 50.0, 16.0, 19.0, 58.0, 67.0, 2.0]",8,"['in a bowl , mix together the ground beef , montreal steak seasoning , bacon crumbles and dill weed', 'shape into four burgers', 'brush or spray the onion slices with olive oil', 'place the burgers a...",,"[""mccormick's montreal brand steak seasoning"", 'dill weed', 'no-salt-added ketchup', 'ground sirloin', 'bacon', 'american cheese', 'iceberg lettuce', 'tomatoes', 'onion']",9